DPT;CIRC;INS;VOT;BLA;NUL;EXP;EXG;PCF;FG;EELV-GR;EELV;PS-EELV;PS;DVG;GEC;DIV;ECO;REG;MoDem;UDI;UD;LR;DVD;SOUV;FN;EXD
01;01;80642;40660;978;412;39270;452;1200;0;1989;0;0;10401;0;0;0;0;0;0;0;11962;0;364;1486;11416;0
01;02;90375;45076;829;322;43925;467;1451;0;2265;0;0;9582;0;0;0;0;0;0;0;12740;0;829;2071;14520;0
01;03;74113;31831;703;346;30782;394;1105;0;2267;0;0;7053;0;0;0;0;0;0;0;10172;0;594;1412;7785;0
01;04;87384;43285;1033;494;41758;452;1099;0;1873;0;0;9383;0;0;0;0;0;0;0;12710;0;522;1778;13941;0
01;05;74360;35479;832;449;34198;509;1528;0;1811;0;0;7212;0;0;0;0;0;0;0;9889;0;340;1437;11472;0
02;01;72089;39735;817;545;38373;758;1535;0;1725;0;0;6091;0;0;0;0;0;0;0;10321;0;478;1288;16177;0
02;02;73587;43830;754;649;42427;497;1493;0;1141;0;0;5372;0;0;0;0;0;0;0;16013;0;322;868;16721;0
02;03;68464;38529;961;766;36802;654;1188;0;978;0;0;5144;0;0;0;0;0;0;0;10409;0;312;933;17184;0
02;04;79046;41408;746;529;40133;713;2161;0;1438;0;0;5735;0;0;0;0;0;0;0;10797;0;418;1144;17727;0
02;05;81594;44292;1048;702;42542;767;1708;0;2599;0;0;5315;0;0;0;0;0;0;0;10571;0;668;1494;19420;0
03;01;90040;45410;1537;1032;42841;750;4575;0;1884;0;0;9865;0;0;0;0;0;0;0;13523;0;328;1529;10387;0
03;02;85122;41885;1265;1137;39483;816;4695;0;1640;0;0;8630;0;0;0;0;0;0;0;12992;0;370;1242;9098;0
03;03;78541;39649;1254;847;37548;595;2607;0;1655;0;0;7773;0;0;0;0;0;0;0;13128;0;425;1307;10058;0
04;01;60990;34729;794;598;33337;551;0;0;2460;0;0;9566;220;0;0;1207;0;0;0;6104;0;0;847;12167;215
04;02;64788;36879;699;531;35649;484;0;0;2667;0;0;10901;234;0;0;1160;0;0;0;7054;0;0;970;11916;263
05;01;57323;32351;844;551;30956;494;0;0;2705;0;0;7387;197;0;0;1339;0;0;0;7094;0;0;892;10542;306
05;02;51597;29382;825;431;28126;440;0;0;2864;0;0;6210;302;0;0;1278;0;0;0;7406;0;0;711;8708;207
06;01;83510;42765;501;466;41798;335;0;0;2004;0;0;5749;227;0;0;1231;0;0;0;17728;0;0;825;13564;135
06;02;84647;46298;875;405;45018;528;0;0;2416;0;0;5914;223;0;0;2144;0;0;0;14613;0;0;1119;17827;234
06;03;89583;47267;542;499;46226;394;0;0;2219;0;0;6308;314;0;0;1315;0;0;0;18451;0;0;852;16232;141
06;04;86450;45606;743;630;44233;499;0;0;2823;0;0;4474;160;0;0;1624;0;0;0;14113;0;0;999;19359;182
06;05;88084;49228;516;618;48094;348;0;0;1795;0;0;5350;166;0;0;1386;0;0;0;20215;0;0;767;17946;121
06;06;77812;41281;839;227;40215;463;0;0;1283;0;0;4139;193;0;0;1632;0;0;0;15139;0;0;880;16303;183
06;07;91534;48204;905;277;47022;485;0;0;1947;0;0;6338;334;0;0;2140;0;0;0;18049;0;0;1180;16266;283
06;08;81682;40897;643;353;39901;386;0;0;1073;0;0;3989;150;0;0;1380;0;0;0;16117;0;0;882;15724;200
06;09;78273;41114;697;300;40117;443;0;0;1401;0;0;5220;165;0;0;1710;0;0;0;14410;0;0;966;15581;221
07;01;77817;40052;1065;594;38393;543;2631;0;2525;0;0;10946;0;0;0;0;0;0;0;9345;0;381;1177;10845;0
07;02;92482;49005;1196;551;47258;617;2126;0;3002;0;0;11609;0;0;0;0;0;0;0;15815;0;576;1665;11848;0
07;03;77504;41575;1064;606;39905;537;2611;0;3248;0;0;10345;0;0;0;0;0;0;0;11999;0;282;1228;9655;0
08;01;72943;35330;950;611;33769;697;0;1220;0;1709;0;5252;0;0;0;0;289;0;0;9107;0;0;2037;13458;0
08;02;64132;27971;705;533;26733;649;0;1429;0;1192;0;4969;0;0;0;0;238;0;0;6153;0;0;1558;10545;0
08;03;57932;28195;667;612;26916;495;0;805;0;1096;0;3555;0;0;0;0;188;0;0;9980;0;0;1110;9687;0
09;01;56711;30255;1024;703;28528;784;0;0;4188;0;0;9407;863;488;0;0;0;0;0;3631;0;0;1107;7801;259
09;02;59978;31804;1079;779;29946;665;0;0;3579;0;0;8895;800;510;0;0;0;0;0;5198;0;0;1231;8828;240
10;01;64382;32733;889;773;31071;477;0;1033;0;1466;0;3722;0;0;0;0;293;0;0;7774;0;0;2904;13402;0
10;02;73504;37004;889;756;35359;523;0;1347;0;2133;0;5149;0;0;0;0;347;0;0;8716;0;0;3145;13999;0
10;03;66008;31126;633;640;29853;500;0;1592;0;1660;0;4682;0;0;0;0;295;0;0;7239;0;0;2370;11515;0
11;01;93838;51963;1641;1266;49056;943;0;0;4461;0;0;13216;2297;648;0;0;0;0;0;6459;0;0;1990;18683;359
11;02;86851;45214;1317;1033;42864;830;0;0;3430;0;0;9859;2240;495;0;0;0;0;0;6931;0;0;1697;17039;343
11;03;88069;50556;1679;1249;47628;960;0;0;4855;0;0;13197;2119;665;0;0;0;0;0;7274;0;0;2145;15997;416
12;01;76249;41671;1531;900;39240;565;0;0;3573;0;0;9113;1513;565;0;0;0;0;0;13606;0;0;1813;8213;279
12;02;70394;37985;1358;1073;35554;638;0;0;3835;0;0;10943;1113;468;0;0;0;0;0;9512;0;0;1493;7273;279
12;03;72011;38777;1372;978;36427;622;0;0;3806;0;0;8301;1969;507;0;0;0;0;0;10834;0;0;1429;8695;264
13;01;76906;36428;678;337;35413;548;0;0;2293;0;0;5955;217;0;0;1201;0;0;0;8737;0;0;846;15368;248
13;02;77925;41142;662;244;40236;462;0;0;2912;0;0;7565;305;0;0;1521;0;0;0;14074;0;0;889;12270;238
13;03;72415;32164;706;291;31167;655;0;0;2289;0;0;5736;210;0;0;1145;0;0;0;6329;0;0;682;13926;195
13;04;58778;24096;444;214;23438;683;0;0;4026;0;0;6949;347;0;0;1235;0;0;0;3992;0;0;580;5466;160
13;05;68076;33710;599;282;32829;557;0;0;3563;0;0;7406;293;0;0;1328;0;0;0;8916;0;0;686;9899;181
13;06;74350;35718;673;259;34786;553;0;0;2545;0;0;6053;224;0;0;1254;0;0;0;9614;0;0;933;13398;212
13;07;64878;22831;549;314;21968;727;0;0;2788;0;0;5399;201;0;0;897;0;0;0;2774;0;0;522;8482;178
13;08;97917;51466;1147;670;49649;820;0;0;2946;0;0;8964;272;0;0;2121;0;0;0;11302;0;0;1548;21210;466
13;09;96195;48502;1036;596;46870;775;0;0;4507;0;0;6737;254;0;0;2112;0;0;0;12169;0;0;1356;18605;355
13;10;104063;55117;1182;605;53330;868;0;0;4722;0;0;9173;365;0;0;2202;0;0;0;11008;0;0;1438;23181;373
13;11;87494;43640;763;397;42480;560;0;0;3446;0;0;8532;334;0;0;1783;0;0;0;10998;0;0;1241;15261;325
13;12;90689;44951;1129;374;43448;708;0;0;3220;0;0;6397;186;0;0;1611;0;0;0;7934;0;0;1211;21843;338
13;13;92514;48210;1376;881;45953;1434;0;0;7802;0;0;7180;247;0;0;2159;0;0;0;6012;0;0;1104;19711;304
13;14;95242;50100;907;491;48702;700;0;0;3674;0;0;11238;440;0;0;2310;0;0;0;13009;0;0;1626;15285;420
13;15;103082;57014;1277;803;54934;822;0;0;3062;0;0;8774;339;0;0;2353;0;0;0;12637;0;0;1688;24665;594
13;16;90055;47822;995;805;46022;947;0;0;3144;0;0;9286;307;0;0;1881;0;0;0;7847;0;0;1212;21042;356
14;01;69425;35466;704;443;34319;517;0;2217;0;3316;0;9829;399;0;0;0;0;0;0;11026;0;0;1566;5449;0
14;02;66703;32811;671;463;31677;626;0;2479;0;2818;0;9344;334;0;0;0;0;0;0;8894;0;0;1163;6019;0
14;03;78600;38782;1041;763;36978;899;0;1836;0;2363;0;7701;307;0;0;0;0;0;0;10759;0;0;2126;10987;0
14;04;99216;50344;997;729;48618;726;0;2551;0;2882;0;9743;313;0;0;0;0;0;0;17120;0;0;2695;12588;0
14;05;88396;46089;1136;755;44198;659;0;2148;0;3147;0;10229;463;0;0;0;0;0;0;13747;0;0;2900;10905;0
14;06;91706;47184;1505;993;44686;930;0;2181;0;3245;0;10726;607;0;0;0;0;0;0;12648;0;0;2773;11576;0
15;01;62936;31922;1131;754;30037;446;1776;0;1301;0;0;7730;0;0;0;0;0;0;0;11870;0;509;1279;5126;0
15;02;55142;27660;837;905;25918;342;1319;0;869;0;0;4824;0;0;0;0;0;0;0;12941;0;295;731;4597;0
16;01;84506;39991;973;726;38292;541;0;1900;0;2765;0;11402;485;575;0;0;0;0;0;10771;0;0;1436;8417;0
16;02;84103;40097;1051;968;38078;666;0;1330;0;2307;0;9268;311;624;0;0;0;0;0;11592;0;0;1909;10071;0
16;03;91733;46624;1626;1652;43346;785;0;2745;0;2721;0;11291;348;636;0;0;0;0;0;11089;0;0;2112;11619;0
17;01;100758;48240;894;718;46628;593;0;2113;0;3746;0;13712;677;731;0;0;0;0;0;14118;0;0;2116;8822;0
17;02;101158;49175;1133;827;47215;754;0;1830;0;3321;0;12187;598;1087;0;0;0;0;0;13228;0;0;2211;11999;0
17;03;81737;39790;1135;912;37743;601;0;1539;0;2236;0;9783;463;724;0;0;0;0;0;10104;0;0;2034;10259;0
17;04;88808;44986;1216;1056;42714;697;0;1219;0;2011;0;9423;367;742;0;0;0;0;0;12511;0;0;2359;13385;0
17;05;108790;54585;1192;987;52406;665;0;1521;0;2851;0;10818;552;1016;0;0;0;0;0;15219;0;0;2819;16945;0
18;01;72783;35232;1338;552;33342;654;2076;0;0;1994;0;7587;0;0;0;0;0;0;0;8775;0;0;2264;9992;0
18;02;70299;32702;1041;636;31025;687;5155;0;0;1595;0;5938;0;0;0;0;0;0;0;6001;0;0;1781;9868;0
18;03;86488;42323;1511;900;39912;749;2700;0;0;2278;0;9251;0;0;0;0;0;0;0;8923;0;0;2691;13320;0
19;01;93484;52841;2064;1996;48781;772;0;4640;0;2067;0;14377;536;813;0;0;0;0;0;13907;0;0;2280;9389;0
19;02;92684;48423;1548;1668;45207;676;0;2557;0;2136;0;12823;375;673;0;0;0;0;0;13829;0;0;2171;9967;0
21;01;66475;36254;579;361;35314;359;0;1437;0;1652;0;9253;0;0;0;825;0;1373;0;11242;0;0;1806;7367;0
21;02;66488;34363;713;403;33247;421;0;1311;0;1334;0;7798;0;0;0;732;0;1091;0;9761;0;0;1663;9136;0
21;03;69305;35025;690;451;33884;478;0;1691;0;1307;0;8836;0;0;0;711;0;961;0;8283;0;0;1683;9934;0
21;04;69202;38274;928;667;36679;519;0;1541;0;1099;0;6567;0;0;0;735;0;882;0;13067;0;0;1732;10537;0
21;05;83845;43043;953;682;41408;535;0;1421;0;1315;0;7726;0;0;0;858;0;1106;0;13153;0;0;2248;13046;0
22;01;89101;47526;1132;735;45659;1047;0;2339;0;3167;0;16574;0;0;0;0;2426;0;0;11036;0;0;1338;7732;0
22;02;95063;52502;1235;1327;49940;1004;0;1712;0;3031;0;16751;0;0;0;0;2444;0;0;13034;0;0;1875;10089;0
22;03;86935;49834;820;886;48128;776;0;1149;0;2412;0;13780;0;0;0;0;1860;0;0;20270;0;0;763;7118;0
22;04;79063;43506;888;873;41745;1183;0;2136;0;2563;0;13733;0;0;0;0;6166;0;0;7831;0;0;959;7174;0
22;05;103815;56160;1054;1003;54103;1168;0;2392;0;4042;0;19223;0;0;0;0;4176;0;0;11383;0;0;1882;9837;0
23;01;94745;47098;2170;1752;43176;840;0;3368;0;2102;0;11780;475;756;0;0;0;0;0;11750;0;0;2217;9888;0
24;01;74971;40395;1169;1076;38150;539;0;2659;0;1851;0;12597;446;598;0;0;0;0;0;8850;0;0;1632;8978;0
24;02;82022;43758;1095;1067;41596;512;0;1958;0;2138;0;12571;357;738;0;0;0;0;0;9585;0;0;1705;12032;0
24;03;68001;39824;1428;1467;36929;567;0;2169;0;1601;0;11817;340;637;0;0;0;0;0;9063;0;0;1937;8798;0
24;04;87168;48450;1435;1377;45638;600;0;2758;0;2382;0;15169;438;1018;0;0;0;0;0;10723;0;0;2133;10417;0
25;01;73979;38101;930;519;36652;483;0;1713;0;1733;0;10952;0;0;0;835;0;1228;0;7563;0;0;1744;10401;0
25;02;78056;41573;954;581;40038;500;0;1938;0;2012;0;11996;0;0;0;877;0;1424;0;8800;0;0;2044;10447;0
25;03;65922;34018;1060;576;32382;520;0;837;0;930;0;7662;0;0;0;636;0;1023;0;7103;0;0;1788;11883;0
25;04;67116;33813;777;539;32497;582;0;967;0;867;0;8728;0;0;0;546;0;810;0;5020;0;0;1674;13303;0
25;05;79889;41120;1206;810;39104;429;0;849;0;1659;0;7799;0;0;0;912;0;1153;0;12669;0;0;2316;11318;0
26;01;74467;35960;729;470;34761;441;1511;0;2580;0;0;8946;0;0;0;0;0;0;0;11079;0;446;1219;8539;0
26;02;91409;45032;1102;612;43318;581;2313;0;2326;0;0;9160;0;0;0;0;0;0;0;11715;0;474;1805;14944;0
26;03;104781;58133;1596;669;55868;718;2851;0;6391;0;0;13847;0;0;0;0;0;0;0;14559;0;515;2185;14802;0
26;04;92632;46214;1175;564;44475;605;2001;0;3149;0;0;10654;0;0;0;0;0;0;0;11931;0;453;1888;13794;0
27;01;85281;40784;871;485;39428;666;0;2033;0;2224;0;7265;259;0;0;0;0;0;0;10887;0;0;2095;13999;0
27;02;78060;40119;966;527;38626;681;0;2144;0;2116;0;8130;218;0;0;0;0;0;0;10885;0;0;1821;12631;0
27;03;83678;44071;1012;563;42496;632;0;2113;0;1862;0;8235;211;0;0;0;0;0;0;14505;0;0;1649;13289;0
27;04;88864;45080;1057;502;43521;742;0;2922;0;2389;0;10500;255;0;0;0;0;0;0;10518;0;0;1893;14302;0
27;05;88661;43603;901;570;42132;630;0;2447;0;2255;0;7697;300;0;0;0;0;0;0;11698;0;0;2082;15023;0
28;01;88484;42467;1015;604;40848;643;1406;0;0;2985;0;9581;0;0;0;0;0;0;0;11829;0;0;2835;11569;0
28;02;73352;31817;787;437;30593;650;989;0;0;2232;0;5515;0;0;0;0;0;0;0;8016;0;0;2065;11126;0
28;03;71215;34451;840;556;33055;650;986;0;0;1713;0;7799;0;0;0;0;0;0;0;9025;0;0;1787;11095;0
28;04;67157;35910;695;673;34542;451;756;0;0;1208;0;5304;0;0;0;0;0;0;0;14895;0;0;1214;10714;0
29;01;87636;46373;909;605;44859;833;0;1644;0;2752;0;15977;0;0;0;0;4785;0;0;10434;0;0;1589;6845;0
29;02;77871;35983;1388;54;34541;866;0;1450;0;2147;0;13703;0;0;0;0;2588;0;0;7130;0;0;1260;5397;0
29;03;88366;44842;1093;344;43405;884;0;1325;0;2568;0;15368;0;0;0;0;3696;0;0;10094;0;0;1675;7795;0
29;04;82280;42508;805;556;41147;819;0;1765;0;2579;0;14116;0;0;0;0;4424;0;0;10196;0;0;1144;6104;0
29;05;93228;47642;799;536;46307;804;0;1338;0;2731;0;15590;0;0;0;0;4570;0;0;12178;0;0;1569;7527;0
29;06;89384;48501;802;626;47073;863;0;1870;0;2612;0;14032;0;0;0;0;8814;0;0;9662;0;0;1317;7903;0
29;07;80409;41406;806;694;39906;765;0;2078;0;2339;0;13554;0;0;0;0;4541;0;0;8877;0;0;1354;6398;0
29;08;86412;44349;856;647;42846;906;0;1807;0;2529;0;15501;0;0;0;0;4652;0;0;7775;0;0;1460;8216;0
30;01;85738;40429;950;612;38867;659;0;0;3457;0;0;6241;1833;658;0;0;0;0;0;7225;0;0;1807;16593;394
30;02;86369;45635;1148;752;43735;667;0;0;2998;0;0;6914;3154;652;0;0;0;0;0;7177;0;0;1948;19949;276
30;03;92328;48519;1234;743;46542;849;0;0;3414;0;0;7913;2502;887;0;0;0;0;0;8576;0;0;2684;19395;322
30;04;92284;47939;1361;965;45613;1034;0;0;4747;0;0;8109;2096;1043;0;0;0;0;0;7865;0;0;1948;18428;343
30;05;95979;48953;1395;993;46565;915;0;0;6203;0;0;10255;3236;960;0;0;0;0;0;6555;0;0;1837;16324;280
30;06;79938;38220;834;529;36857;572;0;0;3473;0;0;6636;1724;1159;0;0;0;0;0;7135;0;0;1687;14240;231
31;01;79047;37073;732;365;35976;591;0;0;5362;0;0;11773;1278;730;0;0;0;0;0;7403;0;0;1654;7024;161
31;02;97209;48491;1027;636;46828;771;0;0;5928;0;0;14468;1548;994;0;0;0;0;0;9466;0;0;2384;10981;288
31;03;76146;39831;712;344;38775;484;0;0;4478;0;0;10971;1188;783;0;0;0;0;0;11593;0;0;1805;7185;288
31;04;67884;29268;512;307;28449;465;0;0;4888;0;0;9213;992;690;0;0;0;0;0;6075;0;0;1174;4792;160
31;05;95063;49533;1265;713;47555;969;0;0;4242;0;0;13532;1251;945;0;0;0;0;0;8580;0;0;2668;15088;280
31;06;108587;56964;1221;915;54828;943;0;0;6573;0;0;17026;1868;1163;0;0;0;0;0;10522;0;0;2669;13744;320
31;07;96584;51064;1257;816;48991;921;0;0;4956;0;0;14556;1465;893;0;0;0;0;0;7762;0;0;2396;15739;303
31;08;85508;47139;1103;987;45049;608;0;0;3435;0;0;18290;1498;501;0;0;0;0;0;6125;0;0;1529;12860;203
31;09;78548;36703;787;403;35513;735;0;0;4919;0;0;11861;999;692;0;0;0;0;0;6312;0;0;1463;8303;229
31;10;92680;54444;1555;740;52149;832;0;0;5854;0;0;16823;1519;1190;0;0;0;0;0;10958;0;0;2654;11995;324
32;01;74025;40512;1526;956;38030;739;0;0;3914;0;0;12277;1182;737;0;0;0;0;0;7264;0;0;2306;9275;336
32;02;70687;38881;1320;920;36641;759;0;0;2988;0;0;10300;1037;791;0;0;0;0;0;7611;0;0;2441;10405;309
33;01;90533;43912;543;346;43023;313;0;1426;0;2327;0;12820;492;716;0;0;0;0;0;17432;0;0;1253;6244;0
33;02;62952;29161;361;223;28577;213;0;1359;0;2246;0;9720;600;732;0;0;0;0;0;10110;0;0;710;2887;0
33;03;77939;36533;536;369;35628;408;0;2432;0;2951;0;13854;616;943;0;0;0;0;0;8237;0;0;1030;5157;0
33;04;90125;41771;676;565;40530;539;0;2052;0;1845;0;15589;437;444;0;0;0;0;0;8391;0;0;1232;10001;0
33;05;106376;53845;977;837;52031;618;0;1815;0;2180;0;16660;490;761;0;0;0;0;0;12466;0;0;1738;15303;0
33;06;98801;50658;778;534;49346;422;0;1731;0;2944;0;17890;624;845;0;0;0;0;0;14544;0;0;1584;8762;0
33;07;75265;39945;522;446;38977;307;0;1428;0;2040;0;17283;432;662;0;0;0;0;0;10200;0;0;1093;5532;0
33;08;103983;52977;823;708;51446;379;0;1208;0;2131;0;14435;435;779;0;0;0;0;0;17190;0;0;2089;12800;0
33;09;89959;47641;1049;932;45660;621;0;2278;0;2499;0;15272;607;851;0;0;0;0;0;11180;0;0;1600;10752;0
33;10;79540;41280;788;768;39724;406;0;1337;0;1700;0;11932;341;609;0;0;0;0;0;10408;0;0;1289;11702;0
33;11;90513;45101;930;872;43299;638;0;1549;0;1626;0;13413;392;533;0;0;0;0;0;9291;0;0;1455;14402;0
33;12;80887;43674;840;779;42055;476;0;2044;0;2186;0;13760;434;868;0;0;0;0;0;10548;0;0;1386;10353;0
34;01;82430;41284;1048;486;39750;487;0;0;3488;0;0;5933;7786;822;0;0;0;0;0;6318;0;0;1600;13060;256
34;02;60051;25551;572;265;24714;383;0;0;3574;0;0;4669;6429;674;0;0;0;0;0;3640;0;0;720;4510;115
34;03;82381;44243;894;513;42836;487;0;0;3962;0;0;7382;8373;791;0;0;0;0;0;7808;0;0;1727;12088;218
34;04;108892;58244;1319;934;55991;902;0;0;6178;0;0;9816;7690;927;0;0;0;0;0;8450;0;0;2300;19357;371
34;05;93183;50112;1374;993;47745;974;0;0;5085;0;0;9498;4433;589;0;0;0;0;0;6287;0;0;1940;18550;389
34;06;88711;44805;1152;660;42993;730;0;0;3086;0;0;7033;3030;429;0;0;0;0;0;6334;0;0;1688;20339;324
34;07;99723;52632;1228;1089;50315;835;0;0;4524;0;0;7540;3820;560;0;0;0;0;0;9303;0;0;2149;21224;360
34;08;85976;43361;1013;615;41733;567;0;0;4427;0;0;7099;6293;663;0;0;0;0;0;5855;0;0;1660;14885;284
34;09;80036;39964;796;631;38537;526;0;0;3068;0;0;5744;6055;557;0;0;0;0;0;6788;0;0;1486;14078;235
35;01;88678;42782;913;640;41229;803;0;2110;0;4456;0;16975;0;0;0;0;1711;0;0;7274;0;0;1751;6149;0
35;02;89920;47415;967;616;45832;794;0;1947;0;4555;0;18507;0;0;0;0;1727;0;0;10608;0;0;1935;5759;0
35;03;83924;42231;1105;779;40347;910;0;1464;0;3061;0;15057;0;0;0;0;2003;0;0;8393;0;0;1723;7736;0
35;04;87590;42464;1182;777;40505;1005;0;1356;0;3209;0;14046;0;0;0;0;2086;0;0;7389;0;0;1980;9434;0
35;05;100932;48472;1304;988;46180;1084;0;1276;0;3447;0;13721;0;0;0;0;1974;0;0;13402;0;0;2554;8722;0
35;06;85604;42866;1393;1066;40407;922;0;1354;0;2712;0;12762;0;0;0;0;1465;0;0;9960;0;0;1853;9379;0
35;07;97103;47836;1072;772;45992;958;0;1434;0;2724;0;14989;0;0;0;0;1854;0;0;11757;0;0;2535;9741;0
35;08;79939;38972;747;479;37746;674;0;2101;0;4392;0;15407;0;0;0;0;1401;0;0;7892;0;0;1356;4523;0
36;01;81135;38951;1228;903;36820;777;1655;0;0;2343;0;9610;0;0;0;0;0;0;0;9740;0;0;1791;10904;0
36;02;90595;47821;1629;1188;45004;895;2101;0;0;2525;0;11478;0;0;0;0;0;0;0;12003;0;0;2189;13813;0
37;01;67988;29917;525;394;28998;516;1422;0;0;3411;0;9072;0;0;0;0;0;0;0;7649;0;0;1776;5152;0
37;02;86576;44434;1099;728;42607;667;1856;0;0;3369;0;11155;0;0;0;0;0;0;0;10779;0;0;2585;12196;0
37;03;96606;49358;1416;910;47032;824;2473;0;0;3669;0;12564;0;0;0;0;0;0;0;11804;0;0;3043;12655;0
37;04;89448;43761;1256;799;41706;804;1742;0;0;3173;0;11811;0;0;0;0;0;0;0;10003;0;0;2791;11382;0
37;05;82512;41350;1077;833;39440;617;1363;0;0;2927;0;10036;0;0;0;0;0;0;0;10920;0;0;2654;10923;0
38;01;82792;41774;741;181;40852;314;1370;0;5969;0;0;11818;0;0;0;0;0;0;0;13153;0;987;1321;5920;0
38;02;76526;35078;756;311;34011;597;2754;0;3380;0;0;9411;0;0;0;0;0;0;0;7092;0;651;1188;8938;0
38;03;59579;25918;454;224;25240;377;1609;0;4178;0;0;7472;0;0;0;0;0;0;0;4893;0;503;870;5338;0
38;04;89192;43626;895;417;42314;599;2256;0;3827;0;0;11361;0;0;0;0;0;0;0;11165;0;752;1681;10673;0
38;05;100318;50228;1050;432;48746;663;2597;0;5334;0;0;13306;0;0;0;0;0;0;0;12280;0;861;1982;11723;0
38;06;80785;37568;777;311;36480;426;1243;0;1756;0;0;7469;0;0;0;0;0;0;0;9549;0;559;1601;13877;0
38;07;89987;45356;1216;503;43637;609;2028;0;2441;0;0;9430;0;0;0;0;0;0;0;12351;0;497;1689;14592;0
38;08;76966;37827;900;360;36567;456;1468;0;1953;0;0;8634;0;0;0;0;0;0;0;10240;0;600;1435;11781;0
38;09;95437;47109;1346;448;45315;646;2062;0;3780;0;0;11914;0;0;0;0;0;0;0;12309;0;801;1792;12011;0
38;10;89195;41726;927;407;40392;547;1639;0;2422;0;0;9117;0;0;0;0;0;0;0;10128;0;667;1841;14031;0
39;01;64969;34506;1066;713;32727;411;0;1598;0;1896;0;7995;0;0;0;924;0;1000;0;7749;0;0;2054;9100;0
39;02;55161;27171;840;484;25847;347;0;1210;0;1257;0;5609;0;0;0;738;0;844;0;6206;0;0;1927;7709;0
39;03;68578;36677;1046;706;34925;580;0;2072;0;1241;0;8074;0;0;0;695;0;1076;0;7872;0;0;2136;11179;0
40;01;99618;52057;1320;906;49831;603;0;2032;0;2082;0;16960;548;703;0;0;0;0;0;13142;0;0;2092;11669;0
40;02;108627;55506;1302;1061;53143;637;0;3050;0;2527;0;17590;664;1281;0;0;0;0;0;14239;0;0;2128;11027;0
40;03;95733;54117;1335;1254;51528;653;0;2769;0;1639;0;20033;483;736;0;0;0;0;0;13029;0;0;2007;10179;0
41;01;82324;40897;977;700;39220;593;1513;0;0;2936;0;11343;0;0;0;0;0;0;0;9154;0;0;2209;11472;0
41;02;80209;41310;1165;957;39188;624;1546;0;0;1967;0;8834;0;0;0;0;0;0;0;9776;0;0;2433;14008;0
41;03;82378;44134;1361;1085;41688;749;1732;0;0;2827;0;8485;0;0;0;0;0;0;0;11930;0;0;2601;13364;0
42;01;66066;30546;503;198;29845;427;1856;0;1829;0;0;7660;0;0;0;0;0;0;0;8930;0;409;861;7873;0
42;02;53568;24390;345;179;23866;356;1526;0;1789;0;0;6596;0;0;0;0;0;0;0;7148;0;332;697;5422;0
42;03;81403;39347;1120;253;37974;572;1798;0;1981;0;0;8297;0;0;0;0;0;0;0;11722;0;504;1515;11585;0
42;04;99886;51174;1024;505;49645;674;3954;0;2759;0;0;9859;0;0;0;0;0;0;0;15555;0;371;1568;14905;0
42;05;101726;50080;1231;757;48092;656;2764;0;2102;0;0;10975;0;0;0;0;0;0;0;15129;0;560;1832;14074;0
42;06;106108;54847;1218;643;52986;703;2391;0;2426;0;0;10507;0;0;0;0;0;0;0;19403;0;543;1844;15169;0
43;01;97085;55202;1430;598;53174;498;2143;0;2287;0;0;9092;0;0;0;0;0;0;0;27122;0;358;967;10707;0
43;02;80082;44898;1247;641;43010;408;2223;0;1937;0;0;7997;0;0;0;0;0;0;0;22603;0;199;799;6844;0
44;01;73634;37340;951;258;36131;364;1150;0;0;3811;0;12032;0;0;0;0;924;0;0;11849;0;0;1723;4278;0
44;02;82882;40691;662;357;39672;457;1770;0;0;5130;0;14187;0;0;0;0;883;0;0;11372;0;0;1719;4154;0
44;03;89508;42790;1226;342;41222;809;1886;0;0;4964;0;14804;0;0;0;0;1214;0;0;9201;0;0;1851;6493;0
44;04;86647;43228;965;549;41714;735;2074;0;0;4372;0;15744;0;0;0;0;931;0;0;9955;0;0;1612;6291;0
44;05;112640;59002;1318;685;56999;745;1867;0;0;6053;0;17823;0;0;0;0;1322;0;0;17114;0;0;2742;9333;0
44;06;108711;54896;1812;1082;52002;998;1489;0;0;4707;0;13283;0;0;0;0;1331;0;0;15834;0;0;2582;11778;0
44;07;105147;52222;1362;653;50207;753;1574;0;0;3159;0;12517;0;0;0;0;2078;0;0;16824;0;0;2751;10551;0
44;08;83289;38678;840;465;37373;995;2141;0;0;2939;0;13176;0;0;0;0;1547;0;0;7328;0;0;1605;7642;0
44;09;113349;58539;1514;872;56153;871;1785;0;0;4158;0;14334;0;0;0;0;1234;0;0;18051;0;0;2993;12727;0
44;10;111661;59098;1392;855;56851;804;1795;0;0;4864;0;15613;0;0;0;0;1033;0;0;19975;0;0;2842;9925;0
45;01;74515;37410;684;498;36228;421;1307;0;0;2662;0;10278;0;0;0;0;0;0;0;11489;0;0;2093;7978;0
45;02;83827;40934;918;625;39391;576;1770;0;0;2619;0;10697;0;0;0;0;0;0;0;10272;0;0;2215;11242;0
45;03;70461;36895;964;648;35283;464;1168;0;0;1942;0;8061;0;0;0;0;0;0;0;8351;0;0;2473;12824;0
45;04;75007;36747;844;631;35272;518;1420;0;0;1816;0;7631;0;0;0;0;0;0;0;7316;0;0;2480;14091;0
45;05;73744;36047;855;655;34537;628;1118;0;0;1970;0;7519;0;0;0;0;0;0;0;8217;0;0;2087;12998;0
45;06;70242;35449;721;502;34226;455;1199;0;0;2593;0;9475;0;0;0;0;0;0;0;8910;0;0;2124;9470;0
46;01;70516;38737;1291;965;36481;705;0;0;4266;0;0;10792;1619;664;0;0;0;0;0;8169;0;0;1825;8200;241
46;02;65263;36521;1431;1205;33885;679;0;0;3823;0;0;11538;1274;572;0;0;0;0;0;7324;0;0;1599;6831;245
47;01;87391;45723;1336;906;43481;608;0;1842;0;2358;0;11063;455;730;0;0;0;0;0;10630;0;0;2071;13724;0
47;02;77108;41367;1133;1130;39104;454;0;1741;0;1682;0;10578;326;592;0;0;0;0;0;9352;0;0;1772;12607;0
47;03;75972;40352;1151;1000;38201;513;0;1582;0;1860;0;10030;265;592;0;0;0;0;0;8822;0;0;2415;12122;0
48;01;59906;32917;1058;832;31027;482;0;0;3042;0;0;7750;1865;419;0;0;0;0;0;8408;0;0;1536;7311;214
49;01;82708;40482;1099;710;38673;556;1529;0;0;3561;0;10421;0;0;0;0;152;0;0;13219;0;0;2093;7142;0
49;02;89059;44080;1286;880;41914;763;1752;0;0;3839;0;12356;0;0;0;0;135;0;0;12847;0;0;2280;7942;0
49;03;69203;33342;1338;886;31118;634;1139;0;0;2212;0;6523;0;0;0;0;137;0;0;8808;0;0;2059;9606;0
49;04;73804;36390;1111;856;34423;639;934;0;0;2559;0;7096;0;0;0;0;132;0;0;11524;0;0;2160;9379;0
49;05;76557;35798;941;658;34199;529;754;0;0;2379;0;8244;0;0;0;0;124;0;0;13766;0;0;1883;6520;0
49;06;94005;46967;1730;1105;44132;759;1260;0;0;3615;0;10692;0;0;0;0;192;0;0;15792;0;0;2444;9378;0
49;07;76412;38446;1350;744;36352;684;1153;0;0;3254;0;9259;0;0;0;0;171;0;0;11923;0;0;2220;7688;0
50;01;86760;42679;1307;1099;40273;768;0;1649;0;2892;0;9157;374;0;0;0;0;0;0;12609;0;0;2449;10375;0
50;02;95293;47738;1596;1346;44796;712;0;1806;0;3625;0;9316;403;0;0;0;0;0;0;14973;0;0;3532;10429;0
50;03;106916;52875;1401;1183;50291;840;0;2354;0;3313;0;12196;396;0;0;0;0;0;0;15380;0;0;2875;12937;0
50;04;88718;41843;859;610;40374;848;0;2987;0;2349;0;12492;437;0;0;0;0;0;0;10159;0;0;1726;9376;0
51;01;69904;31449;585;424;30440;570;0;1225;0;2200;0;5909;0;0;0;0;372;0;0;8251;0;0;2222;9691;0
51;02;72530;33825;636;522;32667;507;0;1268;0;2388;0;6097;0;0;0;0;341;0;0;9147;0;0;2397;10522;0
51;03;80358;37604;1129;588;35887;666;0;1524;0;2090;0;5195;0;0;0;0;432;0;0;9165;0;0;3042;13773;0
51;04;78417;37414;881;747;35786;611;0;1463;0;2353;0;5644;0;0;0;0;575;0;0;9133;0;0;2635;13372;0
51;05;77686;39627;1071;984;37572;692;0;1049;0;1738;0;4545;0;0;0;0;521;0;0;8801;0;0;3311;16915;0
52;01;73519;37004;1244;1093;34667;662;0;1141;0;2030;0;6428;0;0;0;0;402;0;0;8631;0;0;2643;12730;0
52;02;63195;30618;948;730;28940;578;0;1084;0;1249;0;3393;0;0;0;0;254;0;0;6016;0;0;2253;14113;0
53;01;72916;35420;1343;926;33151;569;1035;0;0;2631;0;8603;0;0;0;0;204;0;0;10474;0;0;2330;7305;0
53;02;77255;37040;1498;1097;34445;607;857;0;0;2430;0;7781;0;0;0;0;203;0;0;12735;0;0;2306;7526;0
53;03;72267;34096;1452;1328;31316;530;806;0;0;2115;0;6430;0;0;0;0;222;0;0;12428;0;0;1890;6895;0
54;01;79064;38685;674;471;37540;526;0;1794;0;3135;0;10398;0;0;0;0;399;0;0;9175;0;0;2454;9659;0
54;02;68520;34915;550;463;33902;420;0;1333;0;2756;0;9834;0;0;0;0;316;0;0;9457;0;0;1973;7813;0
54;03;83323;32404;736;493;31175;739;0;3050;0;1654;0;7562;0;0;0;0;347;0;0;4783;0;0;1578;11462;0
54;04;97211;49949;1244;856;47849;825;0;1571;0;2953;0;9794;0;0;0;0;560;0;0;9793;0;0;2840;19513;0
54;05;77789;41127;1098;662;39367;598;0;1204;0;2590;0;8982;0;0;0;0;457;0;0;6852;0;0;2520;16164;0
54;06;87410;40504;985;539;38980;754;0;2381;0;2410;0;9124;0;0;0;0;428;0;0;6601;0;0;2083;15199;0
55;01;77905;40678;1176;843;38659;563;0;966;0;2374;0;7507;0;0;0;0;511;0;0;7566;0;0;3356;15816;0
55;02;60794;29624;902;660;28062;478;0;794;0;1536;0;5854;0;0;0;0;298;0;0;5921;0;0;2044;11137;0
56;01;102893;54581;1060;568;52953;733;0;1467;0;3451;0;17803;0;0;0;0;2280;0;0;15077;0;0;2496;9646;0
56;02;101783;53108;1051;729;51328;821;0;1547;0;3057;0;17456;0;0;0;0;3468;0;0;11860;0;0;2270;10849;0
56;03;89152;47437;1084;783;45570;800;0;1179;0;2484;0;15192;0;0;0;0;2816;0;0;11034;0;0;1536;10529;0
56;04;103875;52716;1439;838;50439;959;0;1423;0;3018;0;17579;0;0;0;0;2301;0;0;11193;0;0;2174;11792;0
56;05;80421;39727;1023;396;38308;734;0;1741;0;2169;0;16373;0;0;0;0;1980;0;0;6907;0;0;1486;6918;0
56;06;90486;47502;921;800;45781;795;0;1534;0;2309;0;16077;0;0;0;0;5040;0;0;9360;0;0;1504;9162;0
57;01;91695;39341;922;524;37895;619;0;1488;0;2674;0;8740;0;0;0;0;643;0;0;8154;0;0;2123;13454;0
57;02;76737;36066;768;446;34852;410;0;1064;0;2258;0;7412;0;0;0;0;580;0;0;9205;0;0;2190;11733;0
57;03;75071;34805;819;481;33505;459;0;1122;0;2547;0;7739;0;0;0;0;582;0;0;7532;0;0;2249;11275;0
57;04;82219;40629;1203;824;38602;613;0;760;0;2091;0;5439;0;0;0;0;1048;0;0;9215;0;0;2459;16977;0
57;05;75005;32550;928;611;31011;511;0;623;0;1588;0;4520;0;0;0;0;982;0;0;7259;0;0;2044;13484;0
57;06;71858;26633;593;357;25683;503;0;621;0;1073;0;4757;0;0;0;0;586;0;0;4389;0;0;1403;12351;0
57;07;90975;40170;1146;558;38466;730;0;881;0;1922;0;7379;0;0;0;0;939;0;0;6957;0;0;2314;17344;0
57;08;93122;35006;906;529;33571;734;0;2733;0;1708;0;8740;0;0;0;0;549;0;0;4674;0;0;1573;12860;0
57;09;99319;42587;1046;607;40934;551;0;1198;0;2834;0;8303;0;0;0;0;756;0;0;12044;0;0;2365;12883;0
58;01;77743;35330;1378;585;33367;655;0;2550;0;1339;0;7972;0;0;0;777;0;1242;0;6100;0;0;2306;10426;0
58;02;84016;42257;1369;1028;39860;786;0;2843;0;1378;0;9973;0;0;0;870;0;1641;0;7125;0;0;2707;12537;0
59;01;59751;30087;477;294;29316;388;1925;0;3132;0;0;9606;0;0;0;0;0;0;0;6554;0;497;708;6506;0
59;02;88144;46406;807;483;45116;678;2901;0;4366;0;0;14876;0;0;0;0;0;0;0;9287;0;715;1198;11095;0
59;03;95208;46081;1004;589;44488;902;2779;0;1535;0;0;7443;0;0;0;0;0;0;0;10032;0;514;1241;20042;0
59;04;98941;55475;892;476;54107;599;1929;0;3558;0;0;11461;0;0;0;0;0;0;0;19336;0;1471;1684;14069;0
59;05;99111;57577;1387;639;55551;771;2779;0;3018;0;0;11696;0;0;0;0;0;0;0;14316;0;851;1766;20354;0
59;06;87728;54575;1078;648;52849;551;1885;0;2999;0;0;10587;0;0;0;0;0;0;0;16892;0;1132;1889;16914;0
59;07;72813;37161;692;401;36068;507;1426;0;2116;0;0;6946;0;0;0;0;0;0;0;12370;0;726;1166;10811;0
59;08;68426;27460;648;360;26452;609;1453;0;1573;0;0;6974;0;0;0;0;0;0;0;5145;0;321;778;9599;0
59;09;91709;48469;673;320;47476;432;1608;0;2964;0;0;9357;0;0;0;0;0;0;0;20651;0;1094;1349;10021;0
59;10;82204;38089;770;401;36918;527;1362;0;1773;0;0;6380;0;0;0;0;0;0;0;11748;0;448;1000;13680;0
59;11;90540;48823;843;511;47469;766;2520;0;3234;0;0;11956;0;0;0;0;0;0;0;12060;0;809;1373;14751;0
59;12;94151;50081;1102;858;48121;852;3951;0;1851;0;0;7173;0;0;0;0;0;0;0;11030;0;445;1387;21432;0
59;13;89621;46594;1592;581;44421;1232;2456;0;2827;0;0;8907;0;0;0;0;0;0;0;7323;0;567;1498;19611;0
59;14;99351;59296;1498;919;56879;928;1706;0;2537;0;0;10072;0;0;0;0;0;0;0;14343;0;706;1815;24772;0
59;15;95963;57020;1433;982;54605;1048;1740;0;2823;0;0;9607;0;0;0;0;0;0;0;15451;0;873;1769;21294;0
59;16;83186;43059;1016;650;41393;956;5915;0;1650;0;0;6396;0;0;0;0;0;0;0;6209;0;438;1163;18666;0
59;17;73763;39236;911;530;37795;664;2920;0;1717;0;0;6786;0;0;0;0;0;0;0;8280;0;455;1066;15907;0
59;18;91860;49448;1157;818;47473;764;1972;0;1518;0;0;6503;0;0;0;0;0;0;0;13925;0;450;1271;21070;0
59;19;79086;41563;883;552;40128;885;5556;0;1226;0;0;6437;0;0;0;0;0;0;0;6202;0;367;813;18642;0
59;20;81542;38503;950;658;36895;738;4308;0;1519;0;0;4716;0;0;0;0;0;0;0;7140;0;332;868;17274;0
59;21;81658;40556;799;484;39273;667;3103;0;1660;0;0;5306;0;0;0;0;0;0;0;11702;0;513;999;15323;0
60;01;82430;46472;1020;706;44746;797;1763;0;2036;0;0;6543;0;0;0;0;0;0;0;11884;0;521;1427;19775;0
60;02;88089;48339;1139;604;46596;727;1722;0;2253;0;0;5994;0;0;0;0;0;0;0;11936;0;629;1809;21526;0
60;03;73035;34915;812;366;33737;613;2600;0;1794;0;0;5619;0;0;0;0;0;0;0;7186;0;492;1280;14153;0
60;04;92130;49091;851;436;47804;475;1451;0;2484;0;0;6314;0;0;0;0;0;0;0;16586;0;1034;1889;17571;0
60;05;72300;38579;790;446;37343;623;1401;0;2100;0;0;5575;0;0;0;0;0;0;0;10181;0;717;1343;15403;0
60;06;75670;41894;980;488;40426;753;1762;0;1901;0;0;6183;0;0;0;0;0;0;0;10849;0;716;1540;16722;0
60;07;75676;40745;903;490;39352;700;2172;0;2142;0;0;6467;0;0;0;0;0;0;0;9124;0;521;1345;16881;0
61;01;70848;35788;1074;737;33977;565;0;1353;0;2373;0;8444;243;0;0;0;0;0;0;9907;0;0;2056;9036;0
61;02;67482;34594;1011;608;32975;597;0;1185;0;2046;0;6081;201;0;0;0;0;0;0;9766;0;0;2074;11025;0
61;03;71889;38206;1242;732;36232;736;0;1501;0;3048;0;9257;263;0;0;0;0;0;0;9566;0;0;1956;9905;0
62;01;104318;64042;1592;1488;60962;1083;1809;0;2165;0;0;10284;0;0;0;0;0;0;0;15210;0;661;1977;27773;0
62;02;84582;51552;1101;897;49554;752;1831;0;3132;0;0;11461;0;0;0;0;0;0;0;13542;0;614;1536;16686;0
62;03;86153;44899;993;649;43257;1130;5425;0;2298;0;0;7386;0;0;0;0;0;0;0;4691;0;461;951;20915;0
62;04;88140;51668;1214;1144;49310;639;1532;0;1665;0;0;8469;0;0;0;0;0;0;0;15396;0;593;1958;19058;0
62;05;90158;50485;958;763;48764;785;1977;0;1850;0;0;14341;0;0;0;0;0;0;0;9237;0;592;1134;18848;0
62;06;90404;57537;1355;1311;54871;924;1389;0;1974;0;0;10628;0;0;0;0;0;0;0;12538;0;720;1684;25014;0
62;07;92742;50639;988;789;48862;785;1927;0;1897;0;0;7448;0;0;0;0;0;0;0;11952;0;457;1046;23350;0
62;08;93198;54263;1242;1205;51816;1182;2408;0;2283;0;0;10326;0;0;0;0;0;0;0;11421;0;671;1592;21933;0
62;09;79580;46211;1064;832;44315;786;2351;0;2277;0;0;7700;0;0;0;0;0;0;0;10557;0;638;1482;18524;0
62;10;90596;48063;1130;782;46151;1163;3135;0;2153;0;0;9101;0;0;0;0;0;0;0;6520;0;541;1201;22337;0
62;11;94893;50478;977;752;48749;1081;4086;0;2367;0;0;9017;0;0;0;0;0;0;0;5426;0;475;1012;25285;0
62;12;95684;51812;1245;714;49853;1332;2924;0;2304;0;0;10262;0;0;0;0;0;0;0;6232;0;557;1234;25008;0
63;01;82015;37465;886;562;36017;494;3573;0;2254;0;0;10619;0;0;0;0;0;0;0;10548;0;728;996;6805;0
63;02;86767;46528;1431;944;44153;699;4721;0;2297;0;0;11039;0;0;0;0;0;0;0;14163;0;430;1304;9500;0
63;03;87694;46197;1206;724;44267;469;3510;0;2998;0;0;11848;0;0;0;0;0;0;0;16580;0;696;1513;6653;0
63;04;96890;49764;1427;836;47501;677;5279;0;2823;0;0;12727;0;0;0;0;0;0;0;14887;0;761;1342;9005;0
63;05;101109;52840;1590;1093;50157;765;8958;0;2230;0;0;9674;0;0;0;0;0;0;0;14773;0;517;1367;11873;0
64;01;70798;34011;787;535;32689;393;0;1562;0;1750;0;11390;575;763;0;0;0;0;0;8852;0;0;1240;6164;0
64;02;79481;40625;1058;737;38830;455;0;1682;0;1908;0;13017;642;732;0;0;0;0;0;10927;0;0;1590;7877;0
64;03;82984;43700;1236;989;41475;598;0;1927;0;1885;0;15543;660;887;0;0;0;0;0;9741;0;0;1630;8604;0
64;04;80670;41166;1766;1035;38365;648;0;2053;0;2333;0;13155;593;1127;0;0;0;0;0;11027;0;0;1437;5992;0
64;05;88217;41371;1143;679;39549;586;0;1908;0;2644;0;12112;722;1212;0;0;0;0;0;11412;0;0;1679;7274;0
64;06;97809;44574;1551;888;42135;733;0;1692;0;3069;0;11207;750;1583;0;0;0;0;0;13916;0;0;1961;7224;0
65;01;88313;44237;1517;984;41736;1025;0;0;5379;0;0;13658;1082;655;0;0;0;0;0;7638;0;0;2295;9700;304
65;02;89592;45153;1632;1025;42496;1100;0;0;4935;0;0;11951;1735;705;0;0;0;0;0;8407;0;0;2819;10529;315
66;01;69626;33825;798;681;32346;546;0;0;2975;0;0;6045;1143;478;0;0;0;0;0;5884;0;0;1331;13738;206
66;02;94327;49687;1266;902;47519;901;0;0;3537;0;0;7546;1444;560;0;0;0;0;0;9037;0;0;2198;21934;362
66;03;82692;41694;1231;911;39552;858;0;0;4328;0;0;8043;2170;586;0;0;0;0;0;7074;0;0;1583;14677;233
66;04;95948;50233;1430;1089;47714;1040;0;0;5039;0;0;10253;1848;710;0;0;0;0;0;7089;0;0;2099;19339;297
67;01;66478;28510;387;250;27873;296;0;1578;0;3507;0;6601;0;0;0;0;1486;0;0;9073;0;0;876;4456;0
67;02;72126;32171;449;443;31279;345;0;1362;0;3471;0;6775;0;0;0;0;1913;0;0;9254;0;0;1115;7044;0
67;03;68829;31163;466;515;30182;348;0;1095;0;3006;0;4956;0;0;0;0;2253;0;0;9917;0;0;1186;7421;0
67;04;92452;48710;891;858;46961;311;0;862;0;3901;0;4995;0;0;0;0;3930;0;0;17023;0;0;1807;14132;0
67;05;102578;53308;1284;1360;50664;492;0;812;0;4408;0;3910;0;0;0;0;6676;0;0;15429;0;0;1886;17051;0
67;06;94674;49415;1049;1065;47301;405;0;832;0;3602;0;3929;0;0;0;0;5382;0;0;14931;0;0;2216;16004;0
67;07;85614;45355;960;1135;43260;338;0;616;0;2757;0;2580;0;0;0;0;4655;0;0;15988;0;0;1424;14902;0
67;08;94443;47369;1230;1527;44612;412;0;530;0;2581;0;2442;0;0;0;0;5704;0;0;15093;0;0;1547;16303;0
67;09;91337;44987;845;982;43160;369;0;604;0;2851;0;3165;0;0;0;0;4777;0;0;14905;0;0;1706;14783;0
68;01;76910;36998;879;697;35422;409;0;646;0;2879;0;3299;0;0;0;0;3754;0;0;11006;0;0;1615;11814;0
68;02;92528;47420;1175;1078;45167;455;0;778;0;4066;0;4055;0;0;0;0;5897;0;0;13248;0;0;1863;14805;0
68;03;85256;43683;1227;2478;39978;410;0;622;0;2985;0;2579;0;0;0;0;6577;0;0;11149;0;0;1930;13726;0
68;04;102488;51867;1324;1270;49273;633;0;982;0;3271;0;4572;0;0;0;0;6950;0;0;11766;0;0;2114;18985;0
68;05;79582;35964;1342;514;34108;410;0;924;0;2620;0;4134;0;0;0;0;3231;0;0;10919;0;0;1609;10261;0
68;06;92471;43377;1183;1328;40866;565;0;979;0;2527;0;4603;0;0;0;0;4541;0;0;10421;0;0;1792;15438;0
69;01;64157;30268;436;186;29646;345;1196;0;2750;0;0;9553;0;0;0;0;0;0;0;8737;0;840;918;5307;0
69;02;69352;35172;414;175;34583;333;1632;0;4687;0;0;11681;0;0;0;0;0;0;0;9966;0;1133;1020;4131;0
69;03;65573;32169;362;208;31599;325;1318;0;3720;0;0;10724;0;0;0;0;0;0;0;8655;0;988;915;4954;0
69;04;74593;37930;502;194;37234;328;1147;0;2931;0;0;10789;0;0;0;0;0;0;0;13794;0;1314;1187;5744;0
69;05;83935;42761;547;225;41989;287;1172;0;2614;0;0;9930;0;0;0;0;0;0;0;16444;0;1299;1639;8604;0
69;06;79927;32564;559;195;31810;431;1525;0;3217;0;0;11064;0;0;0;0;0;0;0;7042;0;802;1032;6697;0
69;07;67156;25263;393;235;24635;360;1242;0;1625;0;0;7821;0;0;0;0;0;0;0;6039;0;442;879;6227;0
69;08;100313;51593;1020;417;50156;445;1387;0;2908;0;0;10207;0;0;0;0;0;0;0;19592;0;866;1934;12817;0
69;09;89207;43177;941;395;41841;454;1576;0;2249;0;0;8081;0;0;0;0;0;0;0;13941;0;715;1709;13116;0
69;10;92650;48740;774;334;47632;353;1273;0;3461;0;0;10729;0;0;0;0;0;0;0;17264;0;923;2406;11223;0
69;11;89245;44295;793;376;43126;474;1856;0;2830;0;0;10057;0;0;0;0;0;0;0;12716;0;674;1709;12810;0
69;12;77982;39129;532;238;38359;380;1425;0;2887;0;0;9572;0;0;0;0;0;0;0;14152;0;954;1429;7560;0
69;13;82722;38669;632;274;37763;412;1250;0;1943;0;0;8516;0;0;0;0;0;0;0;11360;0;690;1576;12016;0
69;14;71660;25929;451;316;25162;519;2164;0;1537;0;0;6775;0;0;0;0;0;0;0;5174;0;401;881;7711;0
70;01;88813;49936;1325;1141;47470;724;0;1290;0;1443;0;11084;0;0;0;898;0;1080;0;11490;0;0;2601;16860;0
70;02;91147;49412;1426;1345;46641;822;0;1776;0;1382;0;11393;0;0;0;915;0;1216;0;8168;0;0;2683;18286;0
71;01;72486;34194;963;697;32534;394;0;1720;0;1949;0;7208;0;0;0;826;0;1178;0;8405;0;0;2399;8455;0
71;02;79949;36963;1336;870;34757;598;0;1869;0;1043;0;7591;0;0;0;673;0;1022;0;8974;0;0;3024;9963;0
71;03;83432;40085;1257;921;37907;575;0;1830;0;1501;0;8933;0;0;0;750;0;1225;0;8969;0;0;2498;11626;0
71;04;81985;38982;1240;853;36889;648;0;1668;0;1221;0;7885;0;0;0;750;0;859;0;9654;0;0;2610;11594;0
71;05;90621;41071;1048;753;39270;714;0;2477;0;1527;0;9890;0;0;0;729;0;986;0;9555;0;0;2453;10939;0
72;01;72159;35190;1649;350;33191;635;1100;0;0;2638;0;8139;0;0;0;0;256;0;0;9371;0;0;2528;8524;0
72;02;83035;38736;1931;436;36369;1025;1701;0;0;2344;0;10008;0;0;0;0;277;0;0;8003;0;0;2361;10650;0
72;03;85496;42064;1617;852;39595;770;1526;0;0;2511;0;8994;0;0;0;0;213;0;0;9558;0;0;2647;13376;0
72;04;80119;39253;1665;632;36956;848;1696;0;0;2535;0;8629;0;0;0;0;233;0;0;9606;0;0;2295;11114;0
72;05;87372;43169;1925;602;40642;730;1382;0;0;2614;0;9413;0;0;0;0;250;0;0;11229;0;0;3283;11741;0
73;01;84607;42321;996;453;40872;408;1485;0;2843;0;0;8899;0;0;0;0;0;0;0;12837;0;641;2004;11755;0
73;02;75921;33280;791;463;32026;407;1664;0;2259;0;0;6250;0;0;0;0;0;0;0;10491;0;538;1407;9010;0
73;03;71728;36097;860;452;34785;392;1887;0;2475;0;0;8164;0;0;0;0;0;0;0;9715;0;403;1422;10327;0
73;04;72516;35719;702;396;34621;389;1926;0;3344;0;0;9673;0;0;0;0;0;0;0;9105;0;573;1323;8288;0
74;01;96820;46915;1100;474;45341;428;1359;0;3515;0;0;10140;0;0;0;0;0;0;0;15921;0;928;2152;10898;0
74;02;93533;44380;946;424;43010;438;1234;0;3678;0;0;9944;0;0;0;0;0;0;0;14658;0;877;2096;10085;0
74;03;79353;36225;984;355;34886;383;1131;0;2749;0;0;6615;0;0;0;0;0;0;0;11570;0;466;1584;10388;0
74;04;84949;33332;719;264;32349;382;970;0;2318;0;0;7040;0;0;0;0;0;0;0;11028;0;515;1499;8597;0
74;05;94016;39905;1044;491;38370;421;1457;0;2449;0;0;7767;0;0;0;0;0;0;0;13335;0;630;1785;10526;0
74;06;77932;33174;789;344;32041;368;877;0;2522;0;0;5339;0;0;0;0;0;0;0;12032;0;586;1311;9006;0
75;01;75767;39290;605;231;38454;218;0;1472;0;3742;0;10816;179;0;32;0;0;0;0;16066;0;850;1731;3348;0
75;02;70193;38553;495;232;37826;269;0;1662;0;3194;0;10193;160;0;50;0;0;0;0;16540;0;644;1903;3211;0
75;03;63587;31004;503;239;30262;380;0;1935;0;3414;0;9717;150;0;99;0;0;0;0;9584;0;504;1427;3052;0
75;04;67540;33461;395;182;32884;124;0;555;0;1359;0;4973;71;0;30;0;0;0;0;19999;0;649;1664;3460;0
75;05;71085;36298;623;297;35378;416;0;3215;0;5278;0;14038;260;0;45;0;0;0;0;7756;0;518;1258;2594;0
75;06;71900;35788;675;320;34793;528;0;3978;0;5670;0;13353;279;0;72;0;0;0;0;6391;0;365;1381;2776;0
75;07;71192;37525;603;294;36628;388;0;2835;0;4777;0;14293;220;0;40;0;0;0;0;9120;0;572;1539;2844;0
75;08;78982;40840;771;364;39705;466;0;2900;0;4417;0;13348;239;0;49;0;0;0;0;11276;0;487;2228;4295;0
75;09;65984;32638;661;345;31632;520;0;2891;0;3779;0;11642;164;0;69;0;0;0;0;7049;0;378;1665;3475;0
75;10;65474;32897;537;328;32032;425;0;2520;0;3770;0;11311;201;0;106;0;0;0;0;7902;0;446;1728;3623;0
75;11;68465;37829;578;297;36954;307;0;2131;0;3938;0;12404;180;0;133;0;0;0;0;12586;0;564;1785;2926;0
75;12;70810;38395;500;235;37660;237;0;1274;0;2592;0;9048;117;0;43;0;0;0;0;17390;0;814;2273;3872;0
75;13;72069;38067;573;330;37164;294;0;1497;0;2970;0;10104;135;0;137;0;0;0;0;14966;0;590;2260;4211;0
75;14;70527;36443;395;126;35922;99;0;514;0;1331;0;4781;61;0;34;0;0;0;0;22674;0;724;1881;3823;0
75;15;72552;34357;693;304;33360;613;0;3873;0;4707;0;12407;235;0;83;0;0;0;0;6001;0;317;1560;3564;0
75;16;65913;29173;486;271;28416;487;0;3169;0;4293;0;10200;181;0;314;0;0;0;0;5361;0;263;1260;2888;0
75;17;54621;22277;417;249;21611;435;0;2485;0;3157;0;7988;190;0;261;0;0;0;0;3606;0;230;919;2340;0
75;18;61905;31108;497;234;30377;379;0;2712;0;4314;0;11403;221;0;70;0;0;0;0;6941;0;399;1238;2700;0
76;01;64742;31550;594;282;30674;361;0;2215;0;2426;0;9684;322;0;0;0;0;0;0;9094;0;0;1312;5260;0
76;02;94081;51268;1182;529;49557;679;0;2677;0;3059;0;11786;336;0;0;0;0;0;0;15628;0;0;2348;13044;0
76;03;69175;32395;799;406;31190;873;0;5038;0;2030;0;9213;316;0;0;0;0;0;0;4367;0;0;1098;8255;0
76;04;88989;44500;1191;629;42680;1060;0;4039;0;1994;0;14779;262;0;0;0;0;0;0;6194;0;0;1614;12738;0
76;05;95466;48552;1268;630;46654;970;0;3482;0;2336;0;13040;301;0;0;0;0;0;0;10289;0;0;2044;14192;0
76;06;109922;57980;1564;927;55489;963;0;9345;0;2068;0;9281;256;0;0;0;0;0;0;13470;0;0;2344;17762;0
76;07;90003;40084;1474;172;38438;654;0;3617;0;2076;0;8620;332;0;0;0;0;0;0;12328;0;0;2000;8811;0
76;08;70758;25124;1299;43;23782;645;0;4877;0;1250;0;4733;268;0;0;0;0;0;0;4710;0;0;1075;6224;0
76;09;92964;47009;1247;612;45150;1001;0;3513;0;2277;0;9290;287;0;0;0;0;0;0;12702;0;0;2094;13986;0
76;10;108217;57755;1635;920;55200;995;0;3881;0;2452;0;12359;318;0;0;0;0;0;0;15528;0;0;2672;16995;0
77;01;69953;30617;656;304;29657;480;0;1310;0;1963;0;6402;46;0;147;0;0;0;0;7820;0;373;2839;8277;0
77;02;78313;38207;816;399;36992;637;0;1572;0;2525;0;6882;41;0;40;0;0;0;0;10905;0;566;3174;10650;0
77;03;73897;35107;1020;339;33748;696;0;1748;0;2263;0;6415;21;0;147;0;0;0;0;8233;0;428;2711;11086;0
77;04;86588;41823;1011;512;40300;751;0;1689;0;2060;0;5782;27;0;65;0;0;0;0;10301;0;443;3171;16011;0
77;05;82003;37166;812;398;35956;518;0;1468;0;2133;0;5946;60;0;44;0;0;0;0;9850;0;434;2982;12521;0
77;06;76778;33579;909;314;32356;607;0;1479;0;1799;0;5846;36;0;202;0;0;0;0;8333;0;369;2255;11430;0
77;07;83543;37470;807;430;36233;551;0;2659;0;2185;0;6839;53;0;144;0;0;0;0;8527;0;446;2807;12022;0
77;08;86054;36996;807;360;35829;462;0;1796;0;2536;0;8750;69;0;95;0;0;0;0;9760;0;470;2985;8906;0
77;09;84404;36577;796;329;35452;503;0;1583;0;2270;0;7704;53;0;211;0;0;0;0;8329;0;395;4100;10304;0
77;10;78639;31409;667;339;30403;522;0;2171;0;2239;0;8435;78;0;145;0;0;0;0;7350;0;329;1973;7161;0
77;11;64384;25862;1031;193;24638;507;0;1293;0;1626;0;6601;68;0;336;0;0;0;0;4764;0;318;2599;6526;0
78;01;84964;42684;649;285;41750;427;0;1383;0;3038;0;9304;78;0;67;0;0;0;0;17145;0;763;3582;5963;0
78;02;86283;45998;679;282;45037;348;0;1418;0;3372;0;9695;103;0;57;0;0;0;0;19164;0;681;3425;6774;0
78;03;84904;42348;587;254;41507;346;0;937;0;2472;0;7649;72;0;39;0;0;0;0;19653;0;865;3342;6132;0
78;04;79403;39541;604;257;38680;318;0;1294;0;3162;0;8523;105;0;86;0;0;0;0;15523;0;1056;3198;5415;0
78;05;74088;35007;564;253;34190;305;0;1225;0;2350;0;7109;100;0;207;0;0;0;0;14813;0;624;2402;5055;0
78;06;77086;34873;514;245;34114;359;0;1258;0;2220;0;6864;58;0;122;0;0;0;0;14899;0;593;2273;5468;0
78;07;80789;37601;720;340;36541;567;0;1433;0;3156;0;8615;126;0;187;0;0;0;0;10831;0;589;2701;8336;0
78;08;73106;31096;749;413;29934;631;0;1987;0;1737;0;6348;57;0;701;0;0;0;0;7161;0;293;1829;9190;0
78;09;90781;43197;955;427;41815;673;0;1568;0;2698;0;8171;85;0;271;0;0;0;0;12472;0;495;2951;12431;0
78;10;88390;46417;922;417;45078;506;0;1678;0;3698;0;9744;108;0;55;0;0;0;0;14998;0;692;3930;9669;0
78;11;67633;28968;611;290;28067;447;0;1661;0;2105;0;7479;57;0;319;0;0;0;0;8650;0;417;1961;4971;0
78;12;68605;32864;685;332;31847;377;0;1208;0;2539;0;7020;53;0;175;0;0;0;0;11669;0;394;2387;6025;0
79;01;89135;42883;1278;797;40808;602;0;1797;0;3242;0;12812;764;874;0;0;0;0;0;11776;0;0;1914;7027;0
79;02;97120;48230;1746;1247;45237;873;0;1538;0;3310;0;12849;768;955;0;0;0;0;0;12432;0;0;2138;10374;0
79;03;85391;40447;1606;1346;37495;676;0;867;0;2515;0;8538;580;634;0;0;0;0;0;11877;0;0;2352;9456;0
80;01;84136;46612;1172;893;44547;769;3236;0;1835;0;0;9283;0;0;0;0;0;0;0;9862;0;610;1417;17535;0
80;02;73931;42250;754;462;41034;619;2090;0;2830;0;0;8710;0;0;0;0;0;0;0;13170;0;604;1196;11815;0
80;03;84377;50545;1677;1264;47604;823;2529;0;1428;0;0;7346;0;0;0;0;0;0;0;11454;0;558;2070;21396;0
80;04;83999;51065;1465;915;48685;816;1695;0;1901;0;0;7535;0;0;0;0;0;0;0;12720;0;576;1710;21732;0
80;05;82082;47342;1123;835;45384;831;1587;0;1447;0;0;6365;0;0;0;0;0;0;0;12639;0;439;1343;20733;0
81;01;83802;44979;1467;1011;42501;743;0;0;3758;0;0;10483;1649;639;0;0;0;0;0;9908;0;0;2388;12654;279
81;02;103938;57158;1740;1370;54048;1049;0;0;6146;0;0;15128;2222;911;0;0;0;0;0;9100;0;0;2763;16374;355
81;03;100324;55143;1618;1173;52352;932;0;0;4398;0;0;12664;1435;801;0;0;0;0;0;12257;0;0;2647;16873;345
82;01;88304;47194;1458;1077;44659;798;0;0;4342;0;0;9925;1623;697;0;0;0;0;0;9885;0;0;2292;14743;354
82;02;92003;49158;1555;1163;46440;913;0;0;3686;0;0;10743;1519;713;0;0;0;0;0;8375;0;0;2377;17730;384
83;01;74110;35013;623;248;34142;500;0;0;1591;0;0;5022;180;0;0;1373;0;0;0;11512;0;0;904;12706;354
83;02;89457;45039;992;386;43661;707;0;0;2160;0;0;6222;222;0;0;1976;0;0;0;12209;0;0;1069;18717;379
83;03;99576;52712;1000;581;51131;619;0;0;2500;0;0;7198;214;0;0;2062;0;0;0;15990;0;0;1406;20737;405
83;04;104174;54839;967;609;53263;591;0;0;2043;0;0;5664;260;0;0;1954;0;0;0;15316;0;0;1437;25522;476
83;05;93187;49795;688;623;48484;464;0;0;1295;0;0;5312;184;0;0;1718;0;0;0;14457;0;0;1288;23368;398
83;06;114659;60224;1198;658;58368;867;0;0;3633;0;0;8156;331;0;0;2698;0;0;0;13173;0;0;1770;27165;575
83;07;102618;51906;924;463;50519;748;0;0;2493;0;0;7458;281;0;0;2070;0;0;0;13480;0;0;1430;22082;477
83;08;102230;55037;1110;579;53348;791;0;0;2755;0;0;8132;461;0;0;2296;0;0;0;12227;0;0;1417;24818;451
84;01;72573;36960;810;373;35777;704;0;0;2938;0;0;8362;374;0;0;1590;0;0;0;5969;0;0;879;14406;555
84;02;82602;45489;997;564;43928;628;0;0;2720;0;0;7811;382;0;0;2196;0;0;0;8672;0;0;1139;19656;724
84;03;74438;41767;848;436;40483;661;0;0;2153;0;0;5977;248;0;0;1676;0;0;0;6967;0;0;946;20813;1042
84;04;87508;48234;1399;518;46317;667;0;0;2478;0;0;7067;298;0;0;1628;0;0;0;7369;0;0;1053;20088;5669
84;05;81295;45065;1006;547;43512;663;0;0;2770;0;0;9128;415;0;0;2005;0;0;0;8698;0;0;1162;17921;750
85;01;106943;55701;1082;1058;53561;662;1237;0;0;3306;0;11200;0;0;0;0;160;0;0;24435;0;0;2117;10444;0
85;02;101302;53469;1133;998;51338;623;1515;0;0;2964;0;12079;0;0;0;0;129;0;0;20945;0;0;2139;10944;0
85;03;118826;61299;1217;1065;59017;638;1455;0;0;3071;0;10892;0;0;0;0;158;0;0;24680;0;0;3126;14997;0
85;04;96779;52203;1310;809;50084;484;752;0;0;2569;0;7959;0;0;0;0;150;0;0;28871;0;0;1702;7597;0
85;05;81146;41907;928;837;40142;574;1191;0;0;1949;0;8533;0;0;0;0;101;0;0;17234;0;0;1612;8948;0
86;01;79119;39608;1112;818;37678;636;0;1881;0;3084;0;11799;453;608;0;0;0;0;0;9796;0;0;1566;7855;0
86;02;76832;39532;975;813;37744;512;0;1879;0;3435;0;11551;617;709;0;0;0;0;0;10538;0;0;1729;6774;0
86;03;74494;37987;1213;1244;35530;712;0;1595;0;2062;0;9011;353;644;0;0;0;0;0;10094;0;0;1795;9264;0
86;04;75923;36182;1042;1020;34120;780;0;1349;0;2112;0;7102;285;491;0;0;0;0;0;9574;0;0;1599;10828;0
87;01;84771;45963;1385;1601;42977;710;0;3505;0;2370;0;13537;614;731;0;0;0;0;0;10496;0;0;1690;9324;0
87;02;96994;54409;1939;2038;50432;942;0;4246;0;2701;0;14535;643;906;0;0;0;0;0;13065;0;0;2249;11145;0
87;03;83205;45273;1523;1536;42214;734;0;2918;0;2304;0;12609;536;714;0;0;0;0;0;11427;0;0;1742;9230;0
88;01;77145;38264;1169;720;36375;639;0;1117;0;2577;0;7291;0;0;0;0;455;0;0;8317;0;0;2808;13171;0
88;02;74000;37231;1171;797;35263;649;0;1076;0;2216;0;6539;0;0;0;0;492;0;0;8622;0;0;1874;13795;0
88;03;66374;34405;1288;763;32354;680;0;1027;0;2265;0;6767;0;0;0;0;474;0;0;7281;0;0;2763;11097;0
88;04;67718;35830;1160;838;33832;521;0;960;0;2194;0;6574;0;0;0;0;472;0;0;7180;0;0;2731;13200;0
89;01;77110;38943;906;800;37237;490;0;1767;0;2080;0;7382;0;0;0;786;0;1153;0;8721;0;0;2671;12187;0
89;02;76634;38488;1142;914;36432;543;0;2089;0;1328;0;6839;0;0;0;789;0;1063;0;8232;0;0;2513;13036;0
89;03;88340;41974;974;868;40132;545;0;1884;0;1367;0;6746;0;0;0;862;0;1139;0;8601;0;0;3024;15964;0
90;01;47841;23941;603;449;22889;407;0;1067;0;840;0;4551;0;0;0;446;0;1764;0;4372;0;0;1206;8236;0
90;02;47577;24047;632;536;22879;453;0;1056;0;1007;0;4934;0;0;0;521;0;1892;0;4215;0;0;1127;7674;0
91;01;70556;27425;667;397;26361;565;0;1938;0;1799;0;7277;55;0;397;0;0;0;0;5638;0;278;2370;6044;0
91;02;89792;44298;933;621;42744;668;0;1960;0;2831;0;7461;101;0;111;0;0;0;0;10646;0;405;5271;13290;0
91;03;94113;47937;1045;578;46314;695;0;2770;0;3222;0;10399;112;0;88;0;0;0;0;11137;0;525;5277;12089;0
91;04;94987;48683;1059;466;47158;621;0;2246;0;3465;0;11279;102;0;133;0;0;0;0;12431;0;576;5680;10625;0
91;05;69075;36474;659;292;35523;384;0;1966;0;3385;0;10009;98;0;190;0;0;0;0;11401;0;520;3263;4307;0
91;06;80674;38251;733;383;37135;496;0;2163;0;3226;0;10311;92;0;648;0;0;0;0;9612;0;473;3477;6637;0
91;07;73728;32729;633;381;31715;487;0;2041;0;2075;0;7480;62;0;246;0;0;0;0;7908;0;329;3599;7488;0
91;08;76507;36610;528;345;35737;386;0;1681;0;1943;0;6938;75;0;234;0;0;0;0;4359;0;231;14309;5581;0
91;09;77827;36697;697;338;35662;459;0;1805;0;2285;0;8288;69;0;254;0;0;0;0;8437;0;333;5525;8207;0
91;10;59892;26205;520;382;25303;436;0;2970;0;1711;0;6239;32;0;238;0;0;0;0;5270;0;266;2418;5723;0
92;01;60914;22008;901;197;20910;643;0;3757;0;1343;0;5152;61;0;895;0;0;0;0;3971;0;308;1091;3689;0
92;02;66084;31020;639;219;30162;326;0;1325;0;2480;0;7948;101;0;229;0;0;0;0;11731;0;590;1878;3554;0
92;03;79712;38782;1249;79;37454;283;0;1240;0;2766;0;8712;96;0;172;0;0;0;0;16204;0;821;2476;4684;0
92;04;73219;31859;1151;228;30480;568;0;2971;0;2453;0;7990;111;0;458;0;0;0;0;8906;0;593;1845;4585;0
92;05;72598;32661;598;334;31729;401;0;1393;0;2512;0;7329;71;0;247;0;0;0;0;13317;0;572;1959;3928;0
92;06;75421;38733;942;277;37514;312;0;817;0;2070;0;5847;107;0;80;0;0;0;0;20595;0;774;2317;4595;0
92;07;87147;43712;796;250;42666;299;0;1164;0;2918;0;8513;73;0;66;0;0;0;0;20197;0;1272;2908;5256;0
92;08;68869;36149;793;155;35201;293;0;1270;0;2952;0;8465;128;0;123;0;0;0;0;14772;0;842;2329;4027;0
92;09;64007;31583;868;0;30715;138;0;721;0;2097;0;6089;127;0;207;0;0;0;0;15761;0;681;1905;2989;0
92;10;76949;38584;1441;124;37019;373;0;1725;0;3409;0;10536;111;0;190;0;0;0;0;13768;0;768;2248;3891;0
92;11;68966;31849;597;360;30892;573;0;4773;0;3042;0;9099;102;0;222;0;0;0;0;7038;0;444;1635;3964;0
92;12;90866;46471;903;415;45153;540;0;2460;0;3907;0;12040;109;0;50;0;0;0;0;16381;0;576;2855;6235;0
92;13;88588;46414;1623;109;44682;446;0;2346;0;3781;0;11625;143;0;265;0;0;0;0;17551;0;717;3109;4699;0
93;01;59031;19749;418;322;19009;471;0;2357;0;1520;0;6424;61;0;387;0;0;0;0;3690;0;230;843;3026;0
93;02;53719;16178;484;228;15466;429;0;2797;0;1234;0;5140;53;0;508;0;0;0;0;1781;0;146;700;2678;0
93;03;73533;30386;724;375;29287;485;0;1796;0;2052;0;8822;68;0;169;0;0;0;0;7920;0;292;1924;5759;0
93;04;61068;19728;780;251;18697;513;0;3237;0;876;0;4964;26;0;512;0;0;0;0;3615;0;178;905;3871;0
93;05;63845;21740;603;381;20756;577;0;2336;0;971;0;4943;53;0;379;0;0;0;0;5679;0;231;941;4646;0
93;06;51927;17793;417;271;17105;513;0;2403;0;1523;0;6389;64;0;344;0;0;0;0;2263;0;182;701;2723;0
93;07;74598;28833;771;312;27750;613;0;5594;0;4059;0;8736;217;0;326;0;0;0;0;3364;0;278;1075;3488;0
93;08;60308;26187;829;190;25168;381;0;1450;0;1623;0;6142;71;0;213;0;0;0;0;7622;0;288;1700;5678;0
93;09;69535;27541;571;399;26571;540;0;2934;0;2203;0;10191;106;0;193;0;0;0;0;4648;0;193;1206;4357;0
93;10;68503;25451;745;298;24408;460;0;1644;0;1370;0;6516;74;0;491;0;0;0;0;6897;0;208;1285;5463;0
93;11;62235;21214;548;377;20289;425;0;2979;0;944;0;5259;32;0;477;0;0;0;0;3783;0;189;1076;5125;0
93;12;64465;26704;518;333;25853;365;0;1472;0;1342;0;6445;43;0;296;0;0;0;0;6548;0;222;1799;7321;0
94;01;84262;40021;694;451;38876;398;0;3159;0;3078;0;8841;99;0;143;0;0;0;0;13001;0;601;3324;6232;0
94;02;65137;24635;510;430;23695;575;0;2864;0;1912;0;6941;46;0;581;0;0;0;0;4565;0;222;1621;4368;0
94;03;70805;30448;714;327;29407;406;0;2671;0;1580;0;6229;43;0;463;0;0;0;0;7017;0;231;3828;6939;0
94;04;72127;34179;617;397;33165;379;0;1951;0;2313;0;7247;46;0;119;0;0;0;0;10718;0;364;2883;7145;0
94;05;88944;38958;815;305;37838;415;0;3816;0;2910;0;8488;72;0;92;0;0;0;0;13029;0;393;2677;5946;0
94;06;80283;39145;593;318;38234;364;0;3702;0;3976;0;9839;89;0;162;0;0;0;0;13179;0;461;2093;4369;0
94;07;64739;29081;600;302;28179;446;0;2419;0;2271;0;7666;58;0;135;0;0;0;0;7829;0;279;2174;4902;0
94;08;75625;37392;712;339;36341;437;0;1863;0;3007;0;8461;58;0;137;0;0;0;0;13896;0;423;2545;5514;0
94;09;53577;21406;445;347;20614;421;0;3056;0;1675;0;6238;45;0;242;0;0;0;0;3759;0;199;1170;3809;0
94;10;63082;26004;523;357;25124;635;0;5920;0;2260;0;6894;112;0;184;0;0;0;0;3907;0;203;1248;3761;0
94;11;62062;26297;633;271;25393;423;0;4075;0;2884;0;7489;94;0;223;0;0;0;0;5066;0;270;1280;3589;0
95;01;80992;39685;860;484;38341;683;0;2018;0;2819;0;7836;181;0;45;0;0;0;0;9975;0;443;3060;11281;0
95;02;75460;35533;675;406;34452;481;0;1821;0;2676;0;7651;170;0;38;0;0;0;0;9602;0;364;2632;9017;0
95;03;90677;42064;915;478;40671;515;0;2428;0;2975;0;8966;108;0;60;0;0;0;0;11606;0;453;3354;10206;0
95;04;75180;34562;655;378;33529;412;0;1607;0;2396;0;7748;99;0;112;0;0;0;0;9824;0;423;3637;7271;0
95;05;67274;24891;639;375;23877;791;0;2443;0;1619;0;6536;52;0;356;0;0;0;0;4851;0;274;1357;5598;0
95;06;76835;33058;629;392;32037;392;0;1663;0;2323;0;7365;71;0;69;0;0;0;0;10650;0;388;2472;6644;0
95;07;69118;29081;570;331;28180;410;0;1397;0;1819;0;7121;71;0;113;0;0;0;0;8394;0;294;1986;6575;0
95;08;54557;15916;436;295;15185;337;0;1130;0;865;0;4433;37;0;456;0;0;0;0;3250;0;168;821;3688;0
95;09;69705;26411;604;409;25398;522;0;1602;0;1441;0;5745;43;0;218;0;0;0;0;5178;0;230;1848;8571;0
95;10;64236;25945;724;234;24987;453;0;1401;0;2117;0;7449;150;0;109;0;0;0;0;5624;0;308;1849;5527;0
2A;01;49796;27995;364;374;27257;0;1674;0;0;0;0;625;5194;0;0;0;7071;0;0;6769;0;2045;364;3515;0
2A;02;57026;33967;412;278;33277;0;2118;0;0;0;0;924;5892;0;0;0;8125;0;0;5024;0;7174;383;3637;0
2B;01;57557;32378;540;395;31443;0;2175;0;0;0;0;1301;8294;0;0;0;10111;0;0;2927;0;2658;356;3621;0
2B;02;65487;42803;479;312;42012;0;1481;0;0;0;0;1503;15065;0;0;0;12100;0;0;2922;0;5141;397;3403;0
ZA;01;76100;35480;752;1067;33661;538;300;0;0;0;13515;0;16099;0;1152;0;186;0;0;0;851;718;0;302;0
ZA;02;85702;35919;725;1119;34075;400;489;0;0;0;14014;0;13128;0;1340;0;181;0;0;0;3147;622;0;754;0
ZA;03;82318;39931;764;1074;38093;490;283;0;0;0;13740;0;19657;0;1113;0;150;0;0;0;1737;368;0;555;0
ZA;04;69313;36645;742;1278;34625;564;225;0;0;0;16448;0;14892;0;865;0;180;0;0;0;577;512;0;362;0
ZB;01;79302;32081;1039;1006;30036;746;0;0;0;0;0;0;13638;0;1740;0;9107;0;402;0;4403;0;0;0;0
ZB;02;82517;34678;1088;1016;32574;737;0;0;0;0;0;0;17322;0;1734;0;6491;0;432;0;5858;0;0;0;0
ZB;03;65885;26603;791;622;25190;523;0;0;0;0;0;0;14496;0;1459;0;5421;0;431;0;2860;0;0;0;0
ZB;04;83019;34354;720;805;32829;454;0;0;0;0;0;0;10757;0;1410;0;15504;0;553;0;4151;0;0;0;0
ZC;01;51258;21977;480;420;21077;0;0;0;0;0;0;0;8493;1379;8741;0;1614;0;0;499;0;351;0;0;0
ZC;02;36925;15608;291;264;15053;0;0;0;0;0;0;0;5849;1186;6557;0;624;0;0;615;0;222;0;0;0
ZD;01;79528;33125;647;658;31820;145;0;0;0;0;9551;0;1195;0;518;0;136;3780;0;14062;0;1065;292;1076;0
ZD;02;90771;38698;722;877;37099;146;0;0;0;0;13367;0;1337;0;473;0;139;6271;0;14250;0;190;286;640;0
ZD;03;90867;42554;1152;1248;40154;155;0;0;0;0;8198;0;1596;0;713;0;352;11551;0;15803;0;303;338;1145;0
ZD;04;101943;50147;990;1354;47803;180;0;0;0;0;7802;0;10723;0;684;0;247;7320;0;18921;0;330;427;1169;0
ZD;05;81467;33476;543;743;32190;326;0;0;0;0;6453;0;4323;0;279;0;159;5988;0;13607;0;201;255;599;0
ZD;06;73889;31236;622;558;30056;140;0;0;0;0;6698;0;2758;0;406;0;129;4865;0;13744;0;411;205;700;0
ZD;07;107006;48773;940;1161;46672;171;0;0;0;0;11179;0;1471;0;822;0;220;14246;0;16894;0;204;439;1026;0
